0,expense.html,expense.html
0,"📁 hinatazaka46",hinatazaka46/
1,2022.04.05.html,hinatazaka46/2022.04.05.html
1,2024.04.05.html,hinatazaka46/2024.04.05.html
1,index.html,hinatazaka46/index.html
0,index.html,index.html
0,"📁 tax",tax/
1,"📁 data",tax/data/
1,index.html,tax/index.html
1,"📁 text",tax/text/
0,"📁 try",try/
1,"📁 kikootsuka",try/kikootsuka/
1,"📁 riotakeda",try/riotakeda/
2,"📁 chat",try/riotakeda/chat/
3,IMG_1815.jpeg,try/riotakeda/chat/IMG_1815.jpeg
3,index.html,try/riotakeda/chat/index.html
2,"📁 dailytry",try/riotakeda/dailytry/
3,"📁 2025",try/riotakeda/dailytry/2025/
4,"📁 01",try/riotakeda/dailytry/2025/01/
5,06.html,try/riotakeda/dailytry/2025/01/06.html
5,20.html,try/riotakeda/dailytry/2025/01/20.html
4,"📁 02",try/riotakeda/dailytry/2025/02/
5,17.html,try/riotakeda/dailytry/2025/02/17.html
4,"📁 03",try/riotakeda/dailytry/2025/03/
5,19.html,try/riotakeda/dailytry/2025/03/19.html
4,"📁 04",try/riotakeda/dailytry/2025/04/
5,11.html,try/riotakeda/dailytry/2025/04/11.html
5,21.html,try/riotakeda/dailytry/2025/04/21.html
4,"📁 05",try/riotakeda/dailytry/2025/05/
5,26.html,try/riotakeda/dailytry/2025/05/26.html
4,"📁 06",try/riotakeda/dailytry/2025/06/
5,09.html,try/riotakeda/dailytry/2025/06/09.html
5,19.html,try/riotakeda/dailytry/2025/06/19.html
4,"📁 07",try/riotakeda/dailytry/2025/07/
5,07.html,try/riotakeda/dailytry/2025/07/07.html
5,25.html,try/riotakeda/dailytry/2025/07/25.html
5,31.html,try/riotakeda/dailytry/2025/07/31.html
4,"📁 08",try/riotakeda/dailytry/2025/08/
5,16.html,try/riotakeda/dailytry/2025/08/16.html
5,18.html,try/riotakeda/dailytry/2025/08/18.html
5,30.html,try/riotakeda/dailytry/2025/08/30.html
4,"📁 09",try/riotakeda/dailytry/2025/09/
5,01.html,try/riotakeda/dailytry/2025/09/01.html
5,10.html,try/riotakeda/dailytry/2025/09/10.html
5,"📁 17",try/riotakeda/dailytry/2025/09/17/
6,1.html,try/riotakeda/dailytry/2025/09/17/1.html
6,2.html,try/riotakeda/dailytry/2025/09/17/2.html
4,"📁 10",try/riotakeda/dailytry/2025/10/
5,27.html,try/riotakeda/dailytry/2025/10/27.html
4,"📁 11",try/riotakeda/dailytry/2025/11/
5,07.html,try/riotakeda/dailytry/2025/11/07.html
5,17.html,try/riotakeda/dailytry/2025/11/17.html
5,25.html,try/riotakeda/dailytry/2025/11/25.html
4,"📁 12",try/riotakeda/dailytry/2025/12/
5,08.html,try/riotakeda/dailytry/2025/12/08.html
5,12.html,try/riotakeda/dailytry/2025/12/12.html
5,15.html,try/riotakeda/dailytry/2025/12/15.html
5,22.html,try/riotakeda/dailytry/2025/12/22.html
5,25.html,try/riotakeda/dailytry/2025/12/25.html
5,29.html,try/riotakeda/dailytry/2025/12/29.html
3,"📁 2026",try/riotakeda/dailytry/2026/
4,"📁 01",try/riotakeda/dailytry/2026/01/
5,"📁 05",try/riotakeda/dailytry/2026/01/05/
6,1.html,try/riotakeda/dailytry/2026/01/05/1.html
6,2.html,try/riotakeda/dailytry/2026/01/05/2.html
5,07.html,try/riotakeda/dailytry/2026/01/07.html
5,09.html,try/riotakeda/dailytry/2026/01/09.html
5,15.html,try/riotakeda/dailytry/2026/01/15.html
5,16.html,try/riotakeda/dailytry/2026/01/16.html
5,19.html,try/riotakeda/dailytry/2026/01/19.html
5,22.html,try/riotakeda/dailytry/2026/01/22.html
5,23.html,try/riotakeda/dailytry/2026/01/23.html
5,26.html,try/riotakeda/dailytry/2026/01/26.html
5,28.html,try/riotakeda/dailytry/2026/01/28.html
5,30.html,try/riotakeda/dailytry/2026/01/30.html
4,"📁 02",try/riotakeda/dailytry/2026/02/
5,02.html,try/riotakeda/dailytry/2026/02/02.html
5,06.html,try/riotakeda/dailytry/2026/02/06.html
5,09.html,try/riotakeda/dailytry/2026/02/09.html
5,13.html,try/riotakeda/dailytry/2026/02/13.html
5,"📁 16",try/riotakeda/dailytry/2026/02/16/
6,1.html,try/riotakeda/dailytry/2026/02/16/1.html
6,2.html,try/riotakeda/dailytry/2026/02/16/2.html
3,"📁 nytraining",try/riotakeda/dailytry/nytraining/
4,01.html,try/riotakeda/dailytry/nytraining/01.html
4,02.html,try/riotakeda/dailytry/nytraining/02.html
4,03.html,try/riotakeda/dailytry/nytraining/03.html
4,04.html,try/riotakeda/dailytry/nytraining/04.html
4,05.html,try/riotakeda/dailytry/nytraining/05.html
4,06.html,try/riotakeda/dailytry/nytraining/06.html
4,07.html,try/riotakeda/dailytry/nytraining/07.html
4,08.html,try/riotakeda/dailytry/nytraining/08.html
4,09.html,try/riotakeda/dailytry/nytraining/09.html
4,10.html,try/riotakeda/dailytry/nytraining/10.html
3,scores.html,try/riotakeda/dailytry/scores.html
2,"📁 gemini",try/riotakeda/gemini/
3,2026.01.01.17.28.html,try/riotakeda/gemini/2026.01.01.17.28.html
3,2026.01.06.13.06.html,try/riotakeda/gemini/2026.01.06.13.06.html
3,2026.01.22.23.42.html,try/riotakeda/gemini/2026.01.22.23.42.html
3,2026.01.31.7.24.html,try/riotakeda/gemini/2026.01.31.7.24.html
3,2026.02.08.19.32.html,try/riotakeda/gemini/2026.02.08.19.32.html
2,leader.html,try/riotakeda/leader.html
2,"📁 letter",try/riotakeda/letter/
3,attachment.pdf,try/riotakeda/letter/attachment.pdf
3,latest.pdf,try/riotakeda/letter/latest.pdf
3,"📁 transcript",try/riotakeda/letter/transcript/
4,comment.docx,try/riotakeda/letter/transcript/comment.docx
4,forprint.docx,try/riotakeda/letter/transcript/forprint.docx
2,"📁 recording",try/riotakeda/recording/
3,2025.12.12.csv,try/riotakeda/recording/2025.12.12.csv
3,2026.01.05.csv,try/riotakeda/recording/2026.01.05.csv
3,2026.01.09.csv,try/riotakeda/recording/2026.01.09.csv
3,2026.01.16.csv,try/riotakeda/recording/2026.01.16.csv
3,2026.01.23.csv,try/riotakeda/recording/2026.01.23.csv
3,2026.02.09-3.csv,try/riotakeda/recording/2026.02.09-3.csv
3,2026.02.09.docx,try/riotakeda/recording/2026.02.09.docx
3,2026.03.03.csv,try/riotakeda/recording/2026.03.03.csv
3,2026.03.31.csv,try/riotakeda/recording/2026.03.31.csv
3,pause.svg,try/riotakeda/recording/pause.svg
3,play.svg,try/riotakeda/recording/play.svg
3,player.html,try/riotakeda/recording/player.html
3,repeat.svg,try/riotakeda/recording/repeat.svg
2,"📁 reply",try/riotakeda/reply/
3,"📁 transcript",try/riotakeda/reply/transcript/
4,せをはやみ.docx,try/riotakeda/reply/transcript/せをはやみ.docx
4,せをはやみ.pdf,try/riotakeda/reply/transcript/せをはやみ.pdf
3,せをはやみ.pdf,try/riotakeda/reply/せをはやみ.pdf
2,result.html,try/riotakeda/result.html
2,"📁 schit.net",try/riotakeda/schit.net/
3,2023.11.21.html,try/riotakeda/schit.net/2023.11.21.html
3,2023.12.21.html,try/riotakeda/schit.net/2023.12.21.html
3,2024.01.09.html,try/riotakeda/schit.net/2024.01.09.html
3,2024.01.11.html,try/riotakeda/schit.net/2024.01.11.html
3,2025.06.24.html,try/riotakeda/schit.net/2025.06.24.html
3,2025.07.01.html,try/riotakeda/schit.net/2025.07.01.html
3,2025.07.29.html,try/riotakeda/schit.net/2025.07.29.html
3,2025.07.30.html,try/riotakeda/schit.net/2025.07.30.html
3,2026.03.07.html,try/riotakeda/schit.net/2026.03.07.html
3,2026.03.12.html,try/riotakeda/schit.net/2026.03.12.html
3,2026.03.14.html,try/riotakeda/schit.net/2026.03.14.html
1,"📁 ryunosuketokita",try/ryunosuketokita/
2,"📁 dailytry",try/ryunosuketokita/dailytry/
3,"📁 2024",try/ryunosuketokita/dailytry/2024/
4,"📁 11",try/ryunosuketokita/dailytry/2024/11/
5,"📁 13",try/ryunosuketokita/dailytry/2024/11/13/
6,1.html,try/ryunosuketokita/dailytry/2024/11/13/1.html
6,2.html,try/ryunosuketokita/dailytry/2024/11/13/2.html
3,"📁 2026",try/ryunosuketokita/dailytry/2026/
4,"📁 03",try/ryunosuketokita/dailytry/2026/03/
5,"📁 31",try/ryunosuketokita/dailytry/2026/03/31/
6,1.html,try/ryunosuketokita/dailytry/2026/03/31/1.html
6,2.html,try/ryunosuketokita/dailytry/2026/03/31/2.html
6,IMG_0403.jpeg,try/ryunosuketokita/dailytry/2026/03/31/IMG_0403.jpeg
3,scores.html,try/ryunosuketokita/dailytry/scores.html
2,"📁 gemini",try/ryunosuketokita/gemini/
3,2026.01.10.10.55.html,try/ryunosuketokita/gemini/2026.01.10.10.55.html
